subject,stage,cca_corr1,cca_corr2,Xc1_mean,Xc1_std,Xc1_25p,Xc1_median,Xc1_75p,Xc2_mean,Xc2_std,Xc2_25p,Xc2_median,Xc2_75p,Yc1_mean,Yc1_std,Yc1_25p,Yc1_median,Yc1_75p,Yc2_mean,Yc2_std,Yc2_25p,Yc2_median,Yc2_75p
apples-160288.edf,W,0.5522206000932239,0.3204123486930751,1.7955606971234965e-18,1.0761683853221662,-0.14624983190478907,-0.002602665451534927,0.14246548714093282,-2.32494704169431e-17,1.2283945112342018,-0.21649217722208733,-0.03641093884121627,0.3022076841308483,1.3634738983504626e-17,0.9915301732928693,-0.12295697342112988,-0.002007142671548282,0.15276185597677097,7.886384238346338e-17,0.9602365419984115,-0.201415548540163,-0.003094193829861871,0.24845159328767283
apples-160288.edf,N1,0.5304122507771033,0.307161330732984,-1.0137076363510762e-17,0.9189752599798494,-0.4769412183448476,-0.0012135948314250086,0.4741325457235298,-2.4087398742267395e-17,1.0012687424129876,-0.45247745706032005,-0.0007982263139758416,0.4530611853171098,-3.600083194517841e-18,1.0172168982637366,-0.48261872625214436,-0.004695830051558615,0.4675476950062417,-1.6721439048221023e-17,0.9355521036220282,-0.4205724344890356,-0.02689110452772191,0.38128115664807605
apples-160288.edf,N2,0.648690678362197,0.3079408688921844,9.25233605382238e-18,1.0060904670707225,-0.5884216252493777,-0.01840013172196569,0.567658235998724,-3.934725902327437e-17,0.6755350188768953,-0.33482110813661475,0.006514852429219852,0.3328878081962621,-2.0058188483320963e-17,0.958854980867137,-0.48269930691609775,-0.015913470411473153,0.4508723660931514,-3.044382746693992e-17,0.8707664619894052,-0.45074413074480224,0.03424919791035581,0.4826071644041824
apples-160288.edf,R,0.4746468866032444,0.08893788924137251,-3.3625440901542453e-18,0.7419189078861691,-0.4130531624031593,-0.004925214726358992,0.4063824601857695,1.3752718888008752e-17,0.7446747641721594,-0.40101354349599466,0.01033217993340437,0.4144684215897142,-4.5813582719325196e-18,0.8299153628857979,-0.4592705877051492,0.003775711519354558,0.4624009138786011,8.96390288300759e-18,1.1013526305636208,-0.45084527507986183,-0.00707915558253665,0.4470779215281867
apples-150142.edf,W,0.6330767736509276,0.5078194746489187,-1.7014356665820086e-17,1.1979861354121786,-0.4206109630862025,-0.028645884449724063,0.39258727153185735,1.740104659004327e-18,1.2897739848546401,-0.47621635788444083,-0.03649968827380747,0.4449507481966677,4.350261647510817e-19,1.0094395115368089,-0.3598319740965212,-0.025137636908265287,0.3328878295341782,-2.7068294695622865e-18,0.9810472197816169,-0.2955013840664217,-0.020608246222011052,0.27730573596729186
apples-150142.edf,N1,0.7604615131059078,0.38674394394206835,-1.2141841385019337e-17,1.1480456643443167,-0.527067333965627,0.029635359960598583,0.5516130153828093,-3.511877889389001e-18,0.8238991295498097,-0.4503166622092728,-0.00752872715343527,0.44147004868494955,-1.6170972606954005e-17,1.0280151853977781,-0.4464253843223347,0.026395528049107195,0.46958033981887776,2.0200103828888673e-17,0.9708599478372512,-0.4329267434475152,-0.007215498596563316,0.422532023255089
apples-150142.edf,N2,0.8570100972515466,0.5301065669795496,1.778686487714218e-17,1.0871551938354054,-0.6103594480886684,-0.021475386321915153,0.5996385146017311,7.381587751485905e-18,0.7843227503959624,-0.45368506947814646,-0.008064003557103004,0.445965504488877,-7.794614983816399e-18,1.0206146765783786,-0.560048751335657,-0.014778088614657927,0.548837451044338,2.3500327367147577e-17,0.9788851045128075,-0.5522823302335741,-0.02102526790007928,0.524340452721706
apples-150142.edf,N3,0.8662187270620207,0.5698018524805164,2.1316282072803006e-17,1.0998302387833694,-0.6874761314449118,-0.031843445249504686,0.6679313058383094,6.217248937900877e-18,0.874122728934804,-0.5585627471031751,0.00020994817181296333,0.5574047144091681,6.217248937900877e-18,1.0114320752325439,-0.6355715259795219,-0.026330460340498883,0.6054170064503323,-5.477100254817439e-18,0.9883421955762979,-0.6365422859037199,0.0010941270538275046,0.6348444923020778
apples-150142.edf,R,0.5497565582941678,0.39344086640738,9.966053956115692e-18,0.8733291218789841,-0.5045543175060212,-0.035343362385349984,0.4698364095776039,-1.4887562082592576e-17,0.7953892630650048,-0.46271740789043764,0.008011874711890833,0.4695853880538631,1.5994901411049874e-17,0.9442035863285497,-0.336445881376312,-0.025745752497096742,0.30915494379291375,-4.484724280252061e-17,0.702499887610332,-0.3597723343351762,0.0047726092828037706,0.36176976477625394
apples-240089.edf,W,0.454118503484017,0.3589496811814647,-1.3703324189659075e-17,1.19655456675829,-0.2917140274846014,-0.005745052192112258,0.2845976745768949,-7.295751304679601e-19,1.0419270049708305,-0.2669446604971919,-0.0072198628642874425,0.24705362457078858,-8.564577618536921e-18,1.0434766812926237,-0.3937658483019499,-0.01610930197175973,0.3715191676536206,3.745681014032969e-18,0.7966460287896203,-0.21793652856239254,0.007025310537280009,0.23126751685940092
apples-240089.edf,N1,0.5021013920676259,0.2642798699019875,-8.026501274327058e-18,1.021609631006787,-0.30988749106539726,-0.0050942539352773685,0.30388872978889225,-7.741406966768993e-18,0.9307254054670947,-0.3151347564940421,-0.005559776127689446,0.30748532540288454,1.048269838559654e-17,1.203753909416546,-0.5435266685950181,-0.0077060983408227205,0.5232675658329702,-1.052655904829778e-18,0.7392583666580818,-0.27980834159183116,-0.002851484576822249,0.2794901511060547
apples-240089.edf,N2,0.8029406849572045,0.4692770254417134,1.8888382163276258e-19,0.9468950233624371,-0.45359087264487585,0.006001207808452735,0.4614394949203404,1.3194277742594214e-17,0.8250044120343883,-0.41305989234215107,0.019533143681865615,0.4273878518327351,1.4251178227685403e-17,1.0012493422723736,-0.48261083193820725,0.011251318282805085,0.4956903717794545,-1.2419641844886817e-17,0.9987481604926018,-0.44864605122681356,0.024460395661407123,0.48367776148336056
apples-240089.edf,N3,0.8374587013219221,0.5191275635763368,1.6421432115344537e-17,1.0234412759655094,-0.6120892009704553,0.010235011316305255,0.6324764315749594,-7.855444689792219e-18,0.7717583725356579,-0.4654351555041792,0.009334435774923251,0.47813161638169277,5.368545114631868e-18,0.9855221743959814,-0.5831785392629688,0.019851898565074338,0.5901805377020736,-2.186892642283864e-17,1.0142411222797088,-0.6064783571923757,0.015985186771126675,0.615142368812492
apples-240089.edf,R,0.7506360112037646,0.06554009192072371,-1.2698006307475438e-17,0.9603570205208789,-0.34807876368681917,0.016935788143552045,0.37989495648112764,-2.400716817507075e-17,0.8053056953183145,-0.35366451191461984,-0.01112609221001676,0.3393545117880902,-2.777688879760252e-18,0.8268239514204136,-0.20832869357177183,0.0019946377008524235,0.2196741435229505,-6.5474095022920226e-18,0.5375810237936023,-0.23462991891481078,-0.006816947392546215,0.2259527480245257
apples-150141.edf,W,0.7820892545437494,0.3913770678536654,-1.0136686490953418e-17,1.2126869458844223,-0.30640722638900425,0.020038669756721566,0.33487086379135006,1.2397947323550719e-17,1.072920754749265,-0.32781916313463344,0.01844862960472485,0.3593500706750194,2.386020050947497e-17,0.9952297230545412,-0.2969504881557134,0.020105598415739105,0.31854346716683823,-3.9767000849124946e-18,0.9948620582107806,-0.40025518087179934,-0.005544342863928102,0.38292723556116076
apples-150141.edf,N1,0.9480156213911612,0.6436393974213773,1.0584636615460803e-17,1.3501839527079327,-0.39378604954420626,0.01097575206853383,0.3964869652999101,-2.0907924178688006e-18,0.8563094348713941,-0.33926571909438924,-0.00439879511127127,0.3308212128557273,3.920235783504001e-19,0.9899941708363605,-0.322430607002573,0.0025874112208985555,0.3254234471765171,7.383110725599202e-18,1.0066311245192137,-0.4748346780541469,-0.01724224363749165,0.47050945651207665
apples-150141.edf,N2,0.9527410351754818,0.6196172391379544,-2.8315855763996543e-18,1.2905635733880243,-0.46671379881644115,0.03868808453286572,0.5389703420398217,2.5413149755479373e-17,0.8057532128119358,-0.4144687290570894,-0.013322724844217846,0.3870066843208779,2.7654270348949896e-17,0.9725005137749982,-0.3685060173208379,0.0238723217398828,0.4156794646580094,-4.0065612735225014e-17,1.0200678095661002,-0.5340296936547504,-0.008915112823390239,0.5290426634855648
apples-150141.edf,N3,0.9116716470430343,0.5268658273524522,1.5276668818842154e-17,1.1168406923633971,-0.702418513785015,-0.014000291890542242,0.7008668824746429,-1.3500311979441904e-17,0.4767298160517061,-0.3051549612621225,-0.006737860014845613,0.29393879306436355,7.342274936187702e-18,0.9060694254591526,-0.5680873718696479,0.0053686640588081576,0.5788246999872643,4.1448326252672514e-18,1.0848649496351965,-0.701254233942907,-0.03583735155326551,0.6610403256553661
apples-150141.edf,R,0.9173693867264091,0.5740440982950071,-3.715256134693335e-18,1.030331629476835,-0.34693795103212866,0.033797027442116226,0.42548740362266396,2.6192555749588007e-17,0.3204467372605623,-0.17231719112542754,-0.0010941161875856226,0.1700326321544843,6.501698235713335e-19,0.8747888307532227,-0.2906517614553533,0.0316896375390135,0.3675936326465929,-1.425729541688567e-17,1.0243334545800125,-0.36568270666173736,-0.004274837360711608,0.3583830860733147
apples-170368.edf,W,0.47884984049203516,0.2123410863413212,6.054750129284062e-19,0.991733173849553,-0.3658546038527336,0.004626630032388496,0.3615673336639182,-2.20464137060402e-17,0.7609072725407081,-0.28428594113721367,-1.2703488631218693e-05,0.3066110152431484,-8.939660485001762e-18,1.1214677499340724,-0.40546300486272613,0.01441639570371897,0.3898582400210175,-3.704082432032602e-18,0.859739004977292,-0.2819757693947102,0.002097930807102924,0.27583249032950446
apples-170368.edf,N1,0.6920989455475399,0.48480397319784585,1.0288066694859783e-17,0.9940944292383398,-0.5607988293587205,-0.004326720825705395,0.5589599735879077,-7.981269965916403e-18,0.8622206269077779,-0.5079319165620487,0.003136578342121636,0.5141207981545466,1.89971495324749e-17,1.0794033470687876,-0.5716073016681692,0.002343109256280477,0.5771696314515158,2.9137186490717995e-17,0.9136664867191714,-0.49846094670204216,0.007462444731026266,0.5059417155828752
apples-170368.edf,N2,0.8036829838083811,0.5297894003769789,1.7653469179466738e-17,0.9765684786083101,-0.5706877443122581,0.002534849421347507,0.573762811727232,-2.804039019957281e-17,0.8600957171433313,-0.5118445846038665,0.007268400099212679,0.5215144160173302,1.7347339656123383e-17,0.997927663493993,-0.5640088773566859,0.0008067688552682018,0.5654608292584362,1.0762869557545282e-17,1.0020675838898077,-0.541719593097028,0.010059797731541323,0.5548428116324001
apples-170368.edf,N3,0.8616949561283629,0.580185831745678,-4.91289548725555e-18,0.9169881154525531,-0.5703237689750124,-0.004846288370560527,0.5625491584175248,2.1099735715238022e-17,0.8644865020616146,-0.549761268663991,-0.01432241246115422,0.5302339831628923,8.715990891990563e-18,0.9416062511882417,-0.5806048784994988,-0.010177241243897756,0.5728721194007089,-1.4305593746636682e-17,1.0550137623601905,-0.6569894524015492,-0.029818915442834368,0.6249377680294216
apples-170368.edf,R,0.6025424537607117,0.4244255531959196,4.623264734012385e-17,0.7463987666382943,-0.43362002505376934,-0.0010854911909497192,0.433546946873569,-1.0590470299662446e-17,0.948991386203097,-0.5861867837246957,-0.0033367117280563735,0.5876101610497289,-4.330927151299658e-19,1.133953141847633,-0.445465536318368,-0.008770116553670073,0.4359001178221172,2.2141865061019504e-17,0.6402911813402856,-0.35435831287220876,-0.002034256189229793,0.3521664898106725
apples-140009.edf,W,0.2380925607541077,0.15133168070936281,-3.0650863111220008e-18,1.00547319770033,-0.38728469327620163,-0.016881863889923358,0.36296279645943036,-1.7813326288663575e-18,0.7796751664800987,-0.2548705391524495,-0.007774481014773656,0.2454574407697342,6.177442622172019e-18,0.9577207373439807,-0.29394970759698186,-0.018199350732291786,0.2691586370788772,-1.0668092615333718e-17,0.9904146722002167,-0.3058412583568307,-0.0007233845038606714,0.29767818512101213
apples-140009.edf,N1,0.5709616665403306,0.45541758121538417,1.3255153959501284e-17,0.8877869541581932,-0.5007066003852116,-0.005426612836386191,0.4936271896888567,-1.3919989267814827e-17,0.7491105646601438,-0.41650258206120305,0.024537651505031143,0.44620694259318133,-3.4986958100000254e-17,1.0205126887765095,-0.6107069900639367,-0.011057860885383705,0.5909709371155675,-1.6662434914608197e-17,0.9790057127877172,-0.4677873190313226,0.016346488138588966,0.4962682053926099
apples-140009.edf,N2,0.669941029080809,0.5394566410018617,-1.471876712977845e-17,0.6926082984778983,-0.37745086505487874,-0.0015228412107514606,0.3737937966788636,-5.004273895195288e-18,0.8829373902327862,-0.46773357284522077,0.038061882452298204,0.523179360354055,4.739624794968614e-17,0.8936612100417605,-0.495882131891539,-0.008392301430998162,0.49904301401443046,-2.965139211832593e-17,0.9671042970088928,-0.4714248044265274,0.0460603468739582,0.546232374620962
apples-140009.edf,N3,0.797350947747057,0.5940014614455532,1.3219961784380095e-17,0.48187328359730797,-0.31078717602922074,-0.005777741610320516,0.3043336731304386,-9.28055818135641e-18,0.9224274016492451,-0.554921199168319,0.03537907207140379,0.6004465161601538,-3.866899242231838e-18,0.697545715066149,-0.4434165655501277,-0.0013715770279617435,0.44177415224637845,2.3201395453391027e-18,1.0571914203032062,-0.6126563490244548,0.04066161601790242,0.6765721326191959
apples-140009.edf,R,0.564609924779206,0.3551550568689592,2.3616600282098294e-17,1.028930015987412,-0.6110721634620179,-0.02509793914523197,0.5767448661321278,3.561233375871965e-18,0.5380726188172156,-0.2700607388579797,0.006303156800401689,0.27781693448314804,2.2492000268665043e-18,0.5884372033103468,-0.34413755389512785,-0.01106626084405232,0.32200503220702265,-8.79232737775088e-18,1.2632496067737915,-0.3146027468191186,-0.02127610469021689,0.28626153826279
apples-170366.edf,W,0.6592153329959495,0.4613514983369988,1.2303770316192211e-17,1.0234405651399114,-0.3927460971999582,-0.016310716325391113,0.3707531835461067,1.7717429255316783e-17,1.0014815070158098,-0.39118601608024917,-0.003351092870519154,0.3792053471733389,2.214678656914598e-17,1.003277620435831,-0.3848878126521235,-0.01576265893092273,0.3615005582319745,-1.574882600472603e-17,0.9907422502164913,-0.33834015308884424,0.0016982939110804808,0.3309224158372551
apples-170366.edf,N1,0.6896519630156265,0.35432547288291116,2.1992989440193576e-18,1.0045495971783482,-0.5076134327531431,-0.019143780055524168,0.4923866352719479,2.633519504761641e-17,0.7052516671611422,-0.36218379729374023,-0.0019849559662048813,0.35758830568202044,4.285813326806954e-18,1.145946014152675,-0.5106740013004644,-0.026779224281626976,0.4704206715906054,-1.0996494720096789e-17,0.8234581805110478,-0.38935669685875995,-0.004676328908675852,0.4003686396099101
apples-170366.edf,N2,0.8285098573062822,0.5621733876955212,-2.0441303757005006e-17,1.0936553417280315,-0.564958923438898,-0.019821066112433727,0.5432331848177858,-3.500227551380147e-17,0.9733862432237856,-0.487050583375673,0.014658155438536493,0.5099871333680819,-1.8002427416993338e-17,1.0249661043874574,-0.5027723507585213,-0.014156738443817199,0.48172067966104526,-2.3262354533802007e-17,0.9742920329751971,-0.46796325500701924,0.017526260920441194,0.4953013949842287
apples-170366.edf,N3,0.9003965059681984,0.7104521546277717,-2.717970383537619e-17,1.1189169951986073,-0.6871205345699745,-0.020898852598673582,0.6662443023193507,-1.3575409992164517e-17,0.9447860883049425,-0.5765294245371894,0.02473599036796099,0.6107209140175346,6.036724868856136e-18,1.035030272701575,-0.628699957926067,-0.017909467081549932,0.6078681271256401,2.024757958405814e-17,0.9636939399434282,-0.5702441130073059,0.03153087740427522,0.6142025672700112
apples-170366.edf,R,0.6249507978574688,0.39760554388092817,4.804473907734595e-17,1.116907194547756,-0.5694927901889105,-0.021696089089463313,0.540914422344521,1.994505924940632e-18,0.8334693928644864,-0.44818985465661865,0.0013476861618632531,0.4450434034716238,-1.6319629208759026e-17,1.2219124175118505,-0.4032894427185243,-0.023250504258316998,0.3836520438334371,1.6309241157066628e-17,0.6144087291058611,-0.31540209635058086,0.005842836637415033,0.32235705330681586
apples-160217.edf,W,0.5017494954795915,0.18045700423628502,-3.947459643111668e-20,0.958567535647353,-0.35180933898028066,-0.007704673111242458,0.3484126262163576,-7.579122514774402e-18,1.0311302585543034,-0.35472849341967794,-0.013948468098146996,0.34347771408622785,1.2197650297215053e-17,1.0857952686362846,-0.3945125940191153,-0.00040034728103792937,0.4066545728471817,-2.210577400142534e-18,0.897980284294896,-0.31712252115158435,-0.02419766079523679,0.2838540912121765
apples-160217.edf,N1,0.7278300523804747,0.5028294891302028,1.4247292804215344e-17,0.9578741968017649,-0.5485445496999607,-0.016279569616104956,0.5303024992531439,8.198570028001157e-18,1.0427685416207395,-0.5908100371320851,-0.0020139253516465944,0.5912067281309389,-2.601679555552367e-17,1.0018082320361312,-0.5649080596366138,-0.020132180579222947,0.5387384285374645,-5.465713352000771e-19,0.9981802117557326,-0.5194771294894613,-0.015793206244330418,0.5091220475598816
apples-160217.edf,N2,0.841276620267571,0.5544746474571036,-3.2457040606667136e-17,0.9959516566970193,-0.5773764434504302,-0.013151822775517692,0.5645885812701882,2.4070040734795633e-18,0.8510804196903938,-0.48970541684816987,0.013992743933201537,0.5045487066970349,-7.56168339511819e-18,0.9024963646188451,-0.5215214512053482,-0.01056088011062234,0.5126414755719338,2.356714519122113e-17,1.0796759701082357,-0.5557979995654394,0.022199254542894696,0.578166671420465
apples-160217.edf,R,0.6321414982926045,0.2926920555792105,7.502177108533037e-18,0.9263745142351071,-0.5318784467936141,-0.015916082527307376,0.5087351598378258,-6.059450741507453e-18,0.8856364870119885,-0.5307387549265294,0.00113835102282678,0.5337123390993078,-1.6206626189587395e-17,1.140944768888037,-0.41232105642358335,-0.01686421925662183,0.38933067259081544,-7.033291039249723e-18,0.6525822516156028,-0.35586423794867184,-0.014401217250709888,0.335346526437762
apples-140074.edf,W,0.5788573830351535,0.3057061560418424,2.410027992636597e-17,1.1324971855052752,-0.34251479704663257,-0.008430597940556084,0.3225979529609567,-3.061012565360276e-18,1.2335087284829058,-0.3518466791022613,-0.009701188515756387,0.3319991248552654,5.5402942359462e-18,1.06593447659955,-0.3328348378160796,-0.00608658838380404,0.3044043633187387,-1.8449179805700847e-17,0.9272996956741668,-0.24562290619660315,-0.013318777897076547,0.2191844420193828
apples-140074.edf,N1,0.7730026103599759,0.5464971500848578,1.1018561264685612e-17,0.9299066431625612,-0.5485859356741748,-0.015753493702607098,0.5237242389707539,2.0363742898052147e-17,1.0162951673127365,-0.6117290377504385,0.006175861420327116,0.6233931022910313,7.82626781416922e-18,1.011242686571851,-0.5633493861918678,-0.012838210841543164,0.5270292905508092,-2.4920484355644095e-17,0.9885795571791944,-0.530701833023528,0.032814126293485665,0.5657257637079565
apples-140074.edf,N2,0.8394345166587752,0.6753439281728703,-1.5841863516112682e-17,0.8831788343996021,-0.5060167739394,-0.015314944106831613,0.4853938109695697,1.3481432824627022e-17,1.0172818024923185,-0.5821227095215751,0.020566875599015075,0.6081000603091254,-5.426684330027697e-18,0.9932706684999734,-0.5339864323421895,-0.016366708842622403,0.5053801399449077,-2.065765701278383e-17,1.0066724827311622,-0.511389357179672,0.027043569291414056,0.5579798101000032
apples-140074.edf,N3,0.8724588612151969,0.7631875961123443,-4.612294951425212e-18,0.9049920395123018,-0.5354492799151507,-0.01102008651749507,0.519741937816327,4.0471849393586994e-17,1.0217710378166966,-0.6029482877246489,0.020045754932567342,0.6228841629562281,1.3712228233966846e-17,1.014463849213239,-0.5871947542073417,-0.015156335942308665,0.5691446045180434,8.310441353919301e-20,0.9853121455278218,-0.5244474809291093,0.045847706340462674,0.5890215508759812
apples-140074.edf,R,0.6270134736086639,0.5354705209300531,2.9408574341181924e-18,0.9080262491967328,-0.5551201611979659,-0.016564727895607985,0.5383214559546766,2.8026963466092844e-17,0.974454619484092,-0.6014912656960127,-0.0067873573982401205,0.5930834415141806,1.1694349192718316e-17,0.6340049354367533,-0.313579756484312,-0.010116124731710812,0.30447423209705066,1.4783236363453195e-17,0.9702595083154039,-0.48312438356096654,-0.022186123903181077,0.4610004755763245
apples-160287.edf,W,0.5301468924555873,0.12270457867486008,-1.581833255930716e-17,1.0705593112055607,-0.19207856285385957,0.030668335151006035,0.2580181151504912,-1.4602820778356048e-17,0.994188657736065,-0.2080285675697848,0.000716428313758048,0.23167943342531125,1.6262421769157222e-17,1.0927695420182582,-0.36022451045953874,-0.0024055541033519232,0.35156279738645535,-3.405934897704518e-17,0.8961463328843415,-0.1707691163112036,0.01241429358016525,0.1939613104071198
apples-160287.edf,N1,0.6496069270577164,0.5155638831431923,-1.818915388677548e-17,0.952172831149291,-0.3807445530571027,0.056893309581754065,0.47441680779969203,8.881784197001253e-19,1.0450324084954146,-0.5075903768462999,-0.012243520458094903,0.4902917393418034,1.902182115524435e-17,1.1409197448697146,-0.5146838163284093,0.0348976488584489,0.5494239839034089,2.176037128265307e-17,0.7216731019212573,-0.361320872269496,-0.007737504480311334,0.35354313353783645
apples-160287.edf,N2,0.7711911247141019,0.693321632199932,3.295863617569243e-19,0.8564659031779296,-0.47219236651131374,-0.05727916370460842,0.37992751513488277,9.930778031144843e-18,1.0230910169883078,-0.567247161655829,-0.010520939799294197,0.5550384286188612,3.4586110899954204e-17,1.0296351635966536,-0.5498341597131838,-0.06176798706512817,0.4551080064206576,-1.8109065821499417e-17,0.9694584939970804,-0.5135103336210305,-0.011534313313748112,0.49044170699353257
apples-160287.edf,N3,0.8558665999568148,0.7533183657651623,5.11092143266037e-19,0.8285252475963438,-0.4661335797471883,0.03455849756826677,0.5217160060166655,8.115145982102197e-18,1.0287057250271572,-0.6423242306160901,0.014507162456884843,0.6515580530175141,-2.6427203505463375e-17,0.9279389080596464,-0.5275812533362219,0.037136226142124674,0.5848280216462501,-1.4460167955819583e-17,1.0633196743460365,-0.6436310775431382,0.03680591657373946,0.6846663421869974
apples-160287.edf,R,0.7499017644493756,0.548251392609276,2.5684804077846583e-17,0.6679790462707268,-0.2646259684111341,0.04326959465974015,0.33915840956654064,8.666866949765173e-18,0.9555802063182924,-0.600141951871367,-0.0015770792925716224,0.6026297840709904,1.6281077994700568e-17,1.2709561917865908,-0.36266602360301153,0.03872944707969924,0.4134221599618722,-8.184399660051524e-18,0.4689865429534102,-0.2654873123981246,0.007666404796082418,0.2721923335203777
apples-140011.edf,W,0.4605600719585059,0.3604727636121014,6.442254137558241e-18,1.0663411326047387,-0.39263394103221155,0.0013510537523918657,0.4179445907513395,-1.9983619697288505e-17,1.2108570435956956,-0.464413235085301,-0.020420552121378353,0.4228613447592252,4.926429634603361e-18,1.0311185249893329,-0.44921632892841534,-0.019090350364121027,0.43269282730145747,-1.494350322496353e-17,0.9673062709323342,-0.4205603669275984,-0.033527409521100504,0.33232597149833576
apples-140011.edf,N1,0.5175952448807225,0.433214953579375,-3.106757427227345e-17,1.0234376911287275,-0.5844764855445612,0.005994749964850412,0.5940103399202008,-1.835035293554613e-18,1.0016656136798139,-0.44786863052593323,-0.0032685225120790153,0.4403814628412467,-1.7155446232766383e-17,1.077519227272925,-0.5541681542465738,0.0016486911248463614,0.5503094183606577,-2.9232538978718838e-18,0.9156856818643302,-0.38817822169279836,-0.015516187319456384,0.35756138178601177
apples-140011.edf,N2,0.7539205142378915,0.5330501529407895,-1.646144256602585e-17,1.06653716316411,-0.6331277773000367,-0.012337379189373887,0.6200677236039046,9.902586543624926e-18,0.895120183595088,-0.5229004854968593,-0.013828050059552448,0.5057042192715084,-1.8669162076834004e-17,1.0164433002935918,-0.5851423890020284,-0.01620307474243698,0.5596473732312611,-1.0845690023970156e-17,0.98310347094905,-0.5156311267845747,-0.010806343729385085,0.49435761847460225
apples-140011.edf,N3,0.8364389227392679,0.6164453850913848,-2.460583177539606e-17,1.0721541236049719,-0.6594123695898922,-0.007051273251241214,0.6525996242562859,-4.934324553889585e-18,0.8909435137825639,-0.550256982380813,-0.015558724724880287,0.5529842832128853,5.986980458719363e-18,1.0324003119149565,-0.6086273847447455,-0.008551806798927728,0.5931767167815221,3.289549702593056e-17,0.9659462064591704,-0.6065567837231158,-0.01355216596914353,0.5747220293035629
apples-140011.edf,R,0.7833941910322008,0.5327296577429956,-9.746742265859544e-18,0.5948338506527593,-0.3248712117154373,-0.0024210300039178585,0.32449228866999513,-3.7918832924713845e-17,0.9602600029715822,-0.5825605853371626,0.004070874135275428,0.5849940872400274,8.777292618213002e-18,1.0254657636333389,-0.35689731509651673,0.003515346454506098,0.363928008005529,-6.141782797664918e-18,0.5426213715647605,-0.30340268224068456,0.005063599290865313,0.31352988082241634
apples-130001.edf,W,0.4453594072282396,0.1662956759327504,-4.66517957822288e-18,0.9484319247947548,-0.3222289791006961,0.00790613560623514,0.33042229232315595,-1.4354398702224246e-18,0.5605104325604751,-0.15592701389161265,-0.007360865728554041,0.14312119140909335,5.921189464667502e-18,0.8748362338067494,-0.2746912405084915,0.011514993489768898,0.2936329000316772,1.0514597049379261e-17,1.11084759117779,-0.45636607076285624,-0.009613612967608341,0.43674668986698867
apples-130001.edf,N1,0.5511819351109475,0.20417901562840243,2.283741522838138e-17,0.8004495506897501,-0.43396168636811905,-0.011597082832873563,0.42175747538274677,-1.0208947352875002e-19,0.3470983447523087,-0.16920674320511792,0.001015852600990887,0.16850422334591816,4.083578941150001e-19,1.07158444631217,-0.5496591920386675,0.0066247411642698685,0.5361672184088144,2.1255028388685756e-17,0.9227843019266464,-0.3907058200541191,-0.006529407978753943,0.38472727276737284
apples-130001.edf,N2,0.6596218931758572,0.33841180469460147,-4.376080480016963e-18,0.7447273758204409,-0.40673502557093905,-0.008687105074616296,0.39886607510503164,3.998617613968106e-17,0.33075259500446663,-0.1742942269977202,-0.0007670698034037727,0.1740214391926334,1.3095057891387253e-17,1.2345446311531514,-0.6184610483343734,-0.014794891817960797,0.6157320087998718,-3.234566405987893e-17,0.6654339200677263,-0.3272359254548879,0.005423771804950199,0.3276569443384733
apples-130001.edf,R,0.7317609627847329,0.525687278171799,-8.808169409062143e-18,0.6538584781226151,-0.29944998061678796,0.00040976545440242615,0.2984290718162958,-2.024726732620898e-17,0.714193143514198,-0.41530823378716025,0.0007226882520248413,0.4172588917971852,-1.6387291923836546e-17,1.2396904883256379,-0.28236325054884676,0.0030087014144437284,0.2827115550577799,3.392681531106785e-18,0.5085892396944388,-0.2580577316345912,-0.0008328093536869426,0.25066066402271164
apples-140003.edf,W,0.43209044711759276,0.3170683220785623,-2.5263741715914674e-17,0.9071582141850305,-0.34968126901324914,0.003180194185033332,0.35286011335281914,4.784799567408082e-18,1.0199565776596,-0.30696369333978313,-0.0020419807344366995,0.3197416070391469,1.339743878874263e-17,1.1057232629835607,-0.437333534099074,-0.008629396352119333,0.4134461650468789,-1.1483518961779397e-17,0.6838935656420998,-0.29201730689611666,-0.004323983264517225,0.285041677140607
apples-140003.edf,N1,0.6587285253462595,0.6197300331419142,-1.4219436149208767e-17,1.0567446336050026,-0.5331256938264672,0.001993450081770042,0.5393680345239784,-8.1695251744398e-18,0.9401910782806704,-0.47089995971652215,-0.0017112031522004648,0.46997728100461444,1.6888262125312527e-17,1.0558418564812502,-0.5423146164993143,-0.0011749812934269024,0.5427101421751055,-1.3078105426309091e-17,0.9267826156981193,-0.47634628503324894,-0.0068185505862973644,0.4675345044060275
apples-140003.edf,N2,0.7164141104745971,0.6028190403436072,2.8589047393535916e-18,1.0035296041387727,-0.5105144012370844,0.003263443081297343,0.5170932261431715,7.290786332147114e-18,1.0001356995052533,-0.47843222327371654,-0.005493028378031822,0.4730804959456386,-3.1781340844052307e-18,1.0001333111483666,-0.5219560089075924,-0.0031790425323544092,0.5177141126346653,-1.1308184662413913e-18,0.9998659453699054,-0.5152104277548726,-0.01081533551189336,0.5018156352897767
apples-140003.edf,N3,0.8633078207292764,0.6812282882600383,7.894919286223335e-18,0.9655571428562957,-0.5295930653938419,-0.008743119830891478,0.5154767810937844,-4.736951571734001e-18,0.9615674332534777,-0.545897958146762,-0.03744639614206659,0.52765510524447,-5.723816482511918e-18,0.9391416086969343,-0.517442587175405,-0.011896805631235954,0.515074342544795,-2.3684757858670008e-17,1.0573070653147227,-0.6537364733633746,-0.03620776093785686,0.6334791470263805
apples-140003.edf,R,0.673502513065266,0.352623418319828,-1.7833229446528004e-18,0.9952808142449527,-0.5210810090972262,-0.007297276809639198,0.5154303580628374,1.0922853035998403e-17,1.021629346644279,-0.4290451264357422,0.012467145097281314,0.4529635267243615,-1.1424412614182003e-18,0.9353645088954067,-0.2932369462882297,-0.009249291192700288,0.2842384221934702,-1.4782075345911103e-17,0.4847021167784226,-0.25410988242662885,-0.0011194533868677478,0.25562067681785466
apples-140008.edf,W,0.5921363846874439,0.4739181543067363,-9.667248105579594e-19,1.1578021004661705,-0.2557414244537767,-0.01366758949614423,0.22746656426718917,-1.1214007802472329e-17,0.9184335209226061,-0.17984264830335278,-0.0030481036644645393,0.17335528670236727,1.498423456364837e-17,0.9571564833760086,-0.24374044399892295,-0.0010598715364020337,0.2381002683695986,0.0,1.0390406829259309,-0.31776244379036134,-0.022428475807553052,0.279938477845185
apples-140008.edf,N1,0.5591731144158844,0.3317108503157498,-7.485553101011756e-18,0.9724215469996451,-0.2799082514508674,0.0038372441975544546,0.2864069999341076,2.5731588784727908e-18,0.991703196597981,-0.34468922003929514,-0.0007090044886637588,0.3417775891620292,-2.2456659303035264e-17,0.9972931115907343,-0.32452678272503954,-0.000848323932232223,0.3228301348605748,4.210623619319112e-18,1.0025050861949567,-0.43471490797783213,1.67578701230346e-05,0.4273744240430217
apples-140008.edf,N2,0.6404980230502344,0.5094646314063694,1.1635318929650312e-17,0.651199570605619,-0.22800221695718215,0.006291255415748401,0.24144282759130856,-2.462379312039795e-17,1.0637973005275219,-0.48811637114416606,-0.003155392856661341,0.4857825128257527,-7.323385252005941e-18,0.8574966956120598,-0.2829200883977791,0.002649267506819116,0.32135008470662946,7.679383146200673e-18,1.1085682851048262,-0.4764875616949662,-0.011035685834304677,0.45480671443951526
apples-140008.edf,N3,0.8351705462577993,0.514387615122857,1.5395092608135503e-17,0.9329905858705134,-0.6413245717482581,-0.06982952126999148,0.5742418906363198,-9.473903143468002e-18,0.3942572233128418,-0.260040659754439,-0.011394330012478223,0.24550850516551223,3.315866100213801e-17,0.7281382572770219,-0.5468231104040108,-0.05664728415992968,0.396203617336269,-4.7369515717340015e-17,0.8642457879656937,-0.5484190275819093,0.003730514624157803,0.5702901229260967
apples-140008.edf,R,0.38516785764586664,0.19841489732659412,-5.894873067046757e-18,1.0373252752798692,-0.48572051312866155,0.01382563375946398,0.5064250721076113,6.763314188531324e-18,0.5192945395937784,-0.1841251397460107,-0.0006147932871389793,0.18199478540807953,6.526466609944624e-18,0.5096361657427878,-0.1892763315291082,-0.0017826088833508905,0.19429981363447069,-1.0737090229263736e-17,1.1366009111300115,-0.360838640052923,0.02156085858313483,0.3861965086057996
apples-160219.edf,W,0.509676167185523,0.37065283892755024,1.442726367025584e-18,1.023859513934525,-0.40610068540260513,0.011907256525951862,0.4159651555281349,1.4066582078499446e-18,0.966597733419845,-0.33758185348930025,-0.006651531216523853,0.3309931226150849,4.8090878900852804e-18,1.0791175843382168,-0.3522282997550325,0.001408859196393994,0.38253749150878846,-6.537353850584678e-18,0.7611822840897062,-0.2806702965140201,-0.002262304626382049,0.29398318971485177
apples-160219.edf,N1,0.694996005971574,0.5685916950905143,-2.024814593407867e-17,1.2533387754742045,-0.7520967645669069,-0.033188137490974615,0.7064483004323041,-5.201358588570668e-18,0.7858199382675668,-0.4681821030015237,0.001092502628371695,0.4612184304234482,-2.9629167674179344e-17,1.1879857724197214,-0.6397419379462301,-0.012236843993614058,0.640489277567699,1.9505094707140005e-18,0.7544577228004682,-0.43361686772977975,0.009001588740907252,0.4408578335294526
apples-160219.edf,N2,0.8444403484631157,0.6863425718400933,8.103902443799836e-18,1.1249229195686643,-0.647622091974052,-0.016822236634821547,0.6271935775637619,5.6554454494776315e-18,0.9108796134772045,-0.48844101172414156,0.004654210737541239,0.4954566099035929,-6.083989924458577e-17,0.9809578619087443,-0.5225124179460601,-0.01037050066330204,0.5144668028810936,-2.2544380628437747e-17,1.0186832122832963,-0.48112451922918165,0.015312608057689633,0.506750628708111
apples-160219.edf,N3,0.8936882256507125,0.7637440604843736,-2.797547486205225e-17,1.1028576707138398,-0.6784585316010261,-0.011733267158857717,0.6693569172063102,1.1679331683206477e-17,0.826309782434483,-0.47226541518133364,0.01604555509342375,0.4990522892335326,1.0971363377648407e-17,0.9344317497141089,-0.5613207885169065,-0.008428898944329818,0.5500145211824975,3.0060763325696026e-17,1.0614086661046198,-0.58238577100637,0.04230212761263812,0.6355891517590931
apples-160219.edf,R,0.622628859884736,0.426366443120186,-3.646864269046146e-17,1.0218402524739312,-0.5996467831092298,-0.016894845708967193,0.5775938916571153,-1.647635329298783e-18,0.919331984414296,-0.5385627989680183,-0.013445834414918834,0.5226171487400879,4.428019947490479e-18,1.0678304430731567,-0.40903688277069655,-0.0026310278358207067,0.40412230092190177,6.119788365966908e-18,0.710302828551107,-0.3463483796233784,-0.016642094061442552,0.3236200096063847
apples-240090.edf,W,0.8708842326025471,0.7045822337876751,1.2567684522296984e-17,1.1505126617762027,-0.24745310004293866,0.030957444867704107,0.27693857591606824,1.0411023644109147e-17,0.9422480946015004,-0.24582305433700677,0.012840673843533247,0.26999305708035226,9.268506869354874e-18,0.9630713877516851,-0.22068022729148276,0.022734408023047683,0.2301428950436992,-2.2850335495085425e-18,1.0306918139216383,-0.33128656993465466,0.0069224825690400275,0.32061362366509855
apples-240090.edf,N1,0.897516849908785,0.79297685920572,1.5260797589349232e-17,1.061989280306566,-0.3712999804457771,0.030337564039972016,0.4190568497921583,5.603764874809037e-18,0.9956269922046065,-0.35508764058617925,0.013056854344383464,0.3830543080490656,-3.3207495554423925e-18,0.9963338400323914,-0.3510252393608138,0.025123769628317968,0.38880099576141436,1.422916767230922e-17,0.9992193540738362,-0.3660907676465985,-0.0018377926635964332,0.37238025179250456
apples-240090.edf,N2,0.9099068319043963,0.6790108257165242,1.0002461299071091e-17,1.0750775654543216,-0.45032797845709693,0.017856812014959443,0.46936323343270303,-8.965416816558703e-19,1.109122162958206,-0.6162596721588167,-0.002898810969255817,0.6125504240207771,-9.848577279085381e-18,1.012324854075575,-0.43848563011819863,0.012989973758117761,0.45639055202808115,-6.797659317629584e-18,0.9865590401578471,-0.5130526091758086,-0.015008842833441356,0.4965575389360678
apples-240090.edf,N3,0.9161900493773623,0.7333732350827734,-5.26327952414889e-18,1.15994108837133,-0.7506296404952277,-0.014601631208832191,0.7511596453632394,2.5263741715914674e-17,1.1205600152984592,-0.750477071536308,-0.029665759691121396,0.7233478919064051,6.579099405186113e-18,0.9838846737730896,-0.6566316200252779,-0.028328848669872883,0.6358996231146118,1.4210854715202004e-17,1.0137774042671204,-0.6943543950478661,-0.05231575582463317,0.6366929850396713
apples-240090.edf,R,0.6904593686588814,0.4292386403964562,1.6454673880760214e-18,0.977943024365912,-0.5163480733935639,0.03604776246155467,0.5566473225823867,1.994505924940632e-18,0.8813248563138578,-0.520641940995054,0.005804853241947717,0.5245575628705048,-1.4310580011449036e-17,0.9991461787978908,-0.46582375794865905,-0.021015679817047925,0.4238627564330283,-9.723216384085581e-18,0.7614859823790918,-0.3515584290514195,-0.016109018371622444,0.3301099511093914
apples-240022.edf,W,0.5292624393653879,0.46838842130041614,5.164345698506994e-18,1.029986729111275,-0.3522519731848229,-0.010407245719000298,0.31939915386353435,-3.846547140956933e-18,1.0282075118147822,-0.3667295734024668,-0.0029857143926565717,0.3842123254816818,2.136970633864963e-18,1.014326645232194,-0.2799674956389481,-0.008556973186833974,0.2630616172231855,-1.994505924940632e-18,0.9846844480048977,-0.3604553649660286,-0.012206071173927219,0.3757945843750704
apples-240022.edf,N1,0.5106415122267528,0.314267784578857,-2.1274238123941462e-17,1.1589951623660868,-0.6590151517642431,-0.011086555966709865,0.6483236503685944,1.2080627972883754e-17,0.8173540853444254,-0.47857998819554226,-0.005113477523505692,0.4699044321618111,-1.5472173181048335e-17,1.1038431773335105,-0.5591439029090336,-0.00811891008023476,0.5531465059195002,5.185420359590475e-18,0.8748098640487285,-0.39162944240431086,-0.016341571457460742,0.3715526144376785
apples-240022.edf,N2,0.6450879437404816,0.4070413668609597,-1.2073354253907158e-17,1.061353262417596,-0.6420086717714286,-0.006200517373897633,0.6384117469480184,1.6833794841699342e-17,0.8501414849178863,-0.5191987735287921,0.011111937049595521,0.5326395324510355,3.515522736708374e-18,1.0426011659199559,-0.5748103672684498,-0.005958606726659051,0.5707935563858514,-2.0748630851396863e-18,0.9542297257217887,-0.4972070636020255,0.015982470260716197,0.527396431874444
apples-240022.edf,N3,0.7820516656031996,0.4873326251704931,3.263233304972312e-17,1.1225510919760293,-0.6805535210644608,-0.006144753701640462,0.6843326892825785,7.894919286223335e-18,0.8557201017176758,-0.5444890639457726,0.003977843460185541,0.555557762068864,1.8980701783961935e-17,1.0198677736731765,-0.5832972219501058,-0.0036445630448876513,0.5776992877485931,-1.0000231095882891e-17,0.9796732342725663,-0.5970913541152634,0.009236788469984773,0.61411729180397
apples-240022.edf,R,0.4445664826712666,0.2952003968982221,-1.913919826963233e-19,1.1739225958931292,-0.589391497544677,0.00013998801058554634,0.5865483757878331,-2.1244510079291885e-17,0.7777333918482696,-0.45238127290721925,0.004295412071736022,0.4542890625398765,7.847071290549254e-18,1.2718555293301357,-0.4046911801741364,0.0008602487120186405,0.41146376748518776,7.655679307852931e-18,0.6092299936922074,-0.25207221575502325,-0.0077161639072708755,0.2445265782158225
apples-240091.edf,W,0.5847673659926006,0.34917698717866785,1.3505735969791217e-17,1.0787141239944107,-0.37317607876473124,0.004693328873995275,0.39534409085444105,-1.1318059862234674e-17,1.0648743785798689,-0.3158912955259744,0.010862857029495888,0.33491416588115663,-4.122232665478444e-18,1.2554275789423064,-0.5102126566902382,0.01675988328377256,0.574993148492562,-1.8911646351273912e-17,0.5852558220654792,-0.1835235405780248,-0.002182029008115221,0.1819772546041549
apples-240091.edf,N1,0.6181819956662491,0.32387771153487865,1.6852616168669044e-17,1.034197438375288,-0.611614608526287,-0.006403004990946946,0.607905772938723,-3.2338803999337893e-18,0.8633833712469512,-0.43242120200643247,-0.006719484147009479,0.4261685037941797,3.065354238247099e-17,1.1794661841102525,-0.6623757500406293,-0.00948089380984205,0.647068686519527,-9.405581726567993e-18,0.6247392411987879,-0.34126372107479774,-0.00476390285031781,0.33648821531606943
apples-240091.edf,N2,0.5739373679537725,0.4396694258619399,-3.155312785879808e-17,0.8463759206662049,-0.500151914336407,-0.003380857714785217,0.4939584777156159,1.442045434226988e-18,0.8195829054934888,-0.4444224581699181,0.020283016526018768,0.47203915730509804,-1.7740512435025037e-17,1.2062297813069212,-0.5890747702030227,0.005196214754918873,0.5965673273858529,2.6577232712206697e-17,0.7207951536793907,-0.3852617670909016,0.010931884641823214,0.40109264744133327
apples-240091.edf,R,0.8220977009084253,0.32583225766088136,2.1927501630446102e-17,0.7911564250966108,-0.3611823075127,-0.00880613442374729,0.34998878871015693,1.2071586263451164e-17,0.89426670945738,-0.4233814777190713,-0.003184604484514448,0.43209135655161435,-6.8762200234848405e-18,1.3505338865291154,-0.4892240153077227,0.009529883744657833,0.4642920579186045,4.249885986737158e-18,0.4176743902659835,-0.19195524734405975,-0.0020053358935005405,0.1918090486275055
apples-160290.edf,W,0.6344849704681628,0.33569973104416595,7.540792381452743e-18,1.0645423755312986,-0.4242964710427789,-0.05877715312852318,0.28054296789941074,1.0509548449075246e-17,1.0384115793716433,-0.3253568751980781,0.007607087699047417,0.37506090791596164,1.0734688732902908e-17,0.9636789766366681,-0.3801369448241069,-0.03530166945592365,0.2761810218602744,1.0527559671781458e-17,0.9587273994110965,-0.3088177955430432,0.00592788139819455,0.30057290204366716
apples-160290.edf,N1,0.8137247669427458,0.39732309866435483,-1.5915197088140082e-17,0.9958912165529695,-0.5145947512595395,-0.1160061003045893,0.30779584222109474,-8.129633102840785e-18,0.7815848794832158,-0.43204644554271754,0.015009679290074254,0.44870779789260556,6.59332448498111e-18,0.9729719478481097,-0.5407315188686269,-0.08824287532715476,0.3931635211808307,1.7843584467849365e-18,0.9062099075246992,-0.5125513383273684,-0.008628893537347207,0.5135360152595014
apples-160290.edf,N2,0.840787881656067,0.5084874944921012,-5.54429953751419e-18,0.9966571445359963,-0.5268283065397955,-0.10800429802534664,0.34027483778006323,-9.895273734612758e-18,0.7755261140901204,-0.42041971660044397,0.0019759740149555742,0.4221079137420329,-2.0304227395320258e-17,1.0282304784936778,-0.5558392926220154,-0.09612962093689754,0.4026556448856373,9.450945381407902e-18,0.9633434662264612,-0.5068979059670523,-0.006499273486173298,0.4940787195385122
apples-160290.edf,R,0.7927436808867682,0.40522909765272136,-6.12304819641753e-18,0.9025914342313043,-0.47211157104902435,-0.10795871240045739,0.2796554967346595,4.279405113100603e-18,0.8538133377062289,-0.4051396991553819,0.0012984424536736886,0.4012558348063223,7.13907047955934e-18,0.6847774794990683,-0.3384146629145085,-0.058579272478841246,0.24078375063805368,6.351821425734229e-18,0.9688645773052749,-0.4189770289980168,-0.020989913645976715,0.3925724120846039
apples-140007.edf,W,0.27293892598372127,0.15890461524491092,8.851529944262075e-18,0.821993390646257,-0.24224002787153642,-0.010922852145676664,0.2232083028354889,-1.687322895624958e-17,0.9849029494876593,-0.3059228505440035,-0.0053584087530060415,0.2899369325984479,1.4383736159425873e-17,0.8813511877138295,-0.23834545073886196,-0.0016620469911388758,0.23193805179950086,1.2447463984118543e-18,1.105523325698362,-0.2661606778861256,0.027679011631578137,0.3310429429279252
apples-140007.edf,N1,0.523713930252611,0.2639712993280836,-1.3072164433535176e-17,1.033953410060919,-0.6050889305438437,0.010208661841523832,0.611123633711351,1.0202664923734773e-17,0.6525688009787862,-0.38198830935509476,0.001026123033352591,0.3818818510583683,-2.833061420787066e-17,1.0913110464148839,-0.5617299491531599,0.0025239700442138465,0.5708753329103544,-1.0111569701201426e-17,0.8917063983254592,-0.4237300673579782,0.009950264908557977,0.4392159171886177
apples-140007.edf,N2,0.5946401561938119,0.4161475525966684,-1.9655400712589217e-20,0.9089622986661813,-0.5029485844155288,0.017170660307224157,0.5169446549827439,1.2805493564251874e-17,0.8247101808136412,-0.4533978771760313,0.004874961370776723,0.45803610123093685,3.3849056952167706e-17,1.0320967729086987,-0.5061929676998912,0.010166261777252179,0.5182169293578538,-2.900031528888085e-17,0.8102244565550267,-0.3927939168255156,0.0030889938395791336,0.395822739029985
apples-140007.edf,N3,0.6791064790632396,0.4868976187765,-1.4628821030355005e-17,0.621411455091573,-0.39740769799578424,0.005990731917817374,0.41005958199561493,2.990781188428134e-17,0.9378101157969343,-0.6059605407989747,0.010643172039228252,0.6222707455078528,-7.117037533021919e-18,0.8814357135697205,-0.5537621769020191,0.022853974728462668,0.5858916918125604,6.954495077129085e-18,0.8554580593231279,-0.5556162009361456,-0.0037041243251429734,0.5521470185440592
apples-140007.edf,R,0.4476114149025259,0.30538490351345965,-1.2807729249640985e-17,1.0524295451540968,-0.6314096846968615,-0.015523774387279999,0.6157197976074612,3.614451199285186e-18,0.9215334969889539,-0.5244320320830342,-0.004631812484785375,0.5195394550948703,6.4431521378562004e-18,0.6367753849505478,-0.3181200292965189,0.0027948195523971437,0.3270880177926191,2.0463181789741905e-17,1.159055895660955,-0.4416568643963284,-0.013891295835779811,0.41976738373493416
apples-240023.edf,W,0.732915126492924,0.6968340472607101,8.75618320835679e-18,1.0589913017263806,-0.24767574199749962,-0.0024582395757690527,0.26006106763904807,-1.0060041090475493e-17,0.9895992100292866,-0.2940987047632194,-0.01334874585623089,0.28930994902583085,2.7034117555855665e-18,1.0047335056559819,-0.18806369412500404,-0.00794359954449795,0.18741940568781798,3.3613216961041776e-18,0.9951702095726888,-0.3228520415709651,-0.011624355255051422,0.32758602225518313
apples-240023.edf,N1,0.8027404451725226,0.35918997942012293,1.8842540696453027e-17,1.0176715654887865,-0.5478644573554684,0.0029323840226769893,0.5535961810592417,2.855329141850773e-18,0.698018926347195,-0.37596998141175,-0.0038231965843346398,0.36991199199030694,2.6447979608848175e-18,1.0973670882906146,-0.5559213718987714,-0.0036303042153359617,0.5644499431498521,-2.157944604901045e-18,0.8918525967046158,-0.3807093411258863,-0.008043068077761655,0.3811182175321191
apples-240023.edf,N2,0.9081061553513161,0.5223249052173566,6.234400998063011e-18,1.1716337510742134,-0.6413569975028163,-0.004763629370078405,0.6359149465795352,5.309681232800077e-19,0.8196486019130496,-0.4452139682696107,0.014092244856509468,0.46215262721971734,-4.5072631139106275e-18,1.0700280766915253,-0.5963393920633132,-0.0046642822243922735,0.5827907261132914,8.911613866848444e-18,0.9243108439537007,-0.458798581880942,0.02297959139495323,0.48920769943099174
apples-240023.edf,R,0.7848195773095276,0.3993379560872278,2.822915042342295e-17,0.9175310852435593,-0.5036152626698132,0.002089674947640619,0.5076194823817358,-1.467299633195654e-17,0.785289234886346,-0.4629217787014963,0.013543787127328196,0.4787392955365375,-2.518671811312225e-17,1.3301750201116211,-0.43366818115967753,-0.0004893894559734318,0.4511431291025208,-1.2718522411098813e-17,0.4777492818468778,-0.26951224248557404,-0.0016037610655055827,0.2663047203545629
apples-170369.edf,W,0.45614613271355325,0.38543948397117983,5.461995179652471e-18,0.9315812709933059,-0.19584620148079412,-0.008876707072597766,0.19564666653658022,7.999647807367114e-18,1.2642910427766898,-0.28128336789935693,-0.002148685685116434,0.2748820161902539,1.643432177948531e-17,1.0069913797621763,-0.1948761805130833,-0.01636581165546727,0.19658998641623135,2.598072928374516e-17,0.9925811375722646,-0.22247170940476751,0.006052068379051428,0.21226547281334454
apples-170369.edf,N1,0.5975796862511704,0.3388871347991845,1.3158198810372226e-17,0.9055142944122494,-0.45021807361772137,-0.003903311467358959,0.4500156372552164,-1.75442650804963e-19,0.9132004345188797,-0.39958244043372493,-0.005868448404113279,0.3925561772354,-6.6668207305885946e-18,1.1973189543572695,-0.578197119848203,0.008895234761951077,0.5921152805978529,-2.9825250636843713e-18,0.7336432227769475,-0.3827574380126355,-0.00808215039093205,0.37355049346057834
apples-170369.edf,N2,0.8371745973508202,0.525633612494697,-1.2247311886273555e-17,0.8155646960311466,-0.3851375030330174,-0.0038379734430694958,0.38276138001529464,8.112029566594477e-18,0.9729686434433,-0.4120223237367346,-0.004275811991225415,0.40912140136484354,-2.762712400546798e-17,1.0194745864388108,-0.4661326928228279,0.00434161468573498,0.45723833599406016,-6.543869389016406e-18,0.9801152387653729,-0.4474154969556242,-0.004434095550302745,0.4374728332461158
apples-170369.edf,N3,0.9091456537997165,0.570035865460666,-2.9776557867234705e-17,0.9077463783428013,-0.5168059485150077,-0.01326499428727584,0.49487729602681596,-1.9148524573873888e-17,0.7517280587351568,-0.3921566349283193,0.00783702131245656,0.40842189516861055,4.576376942183696e-18,0.9825459414779052,-0.5599041395716515,-0.024142074885494007,0.5243986675546919,1.8742070042824677e-17,1.0171521522985616,-0.5659354293582405,0.004576035606996296,0.5650501365040088
apples-170369.edf,R,0.6685384641947884,0.4145733340184593,4.5747178257078513e-17,0.8293010532581836,-0.45425661992853533,-0.0035335459209340043,0.4554473735815177,-3.164584843370851e-17,0.9151705775169783,-0.5330639251763956,-0.008687791092455198,0.5267710073690721,-1.5401937913875002e-17,1.2189786772138302,-0.4076863281879911,0.01899998482723686,0.45825707723280723,-6.845305739500002e-18,0.5653632272211652,-0.33065100320348273,-0.009464758032200149,0.3238556706228293
apples-140004.edf,W,0.536965655931325,0.2736807217583763,-6.363069275463584e-18,1.0652719337655254,-0.2942319972690106,-0.0029988435871153175,0.2852286690475151,5.21418176739377e-18,0.6021587610544668,-0.1591997390180372,0.0019971650761243776,0.16184253882600608,-7.800651593253505e-18,0.5974098555755832,-0.1640981404477942,-0.002145157737408489,0.16010676811613236,1.6968184734569557e-18,1.278970557407623,-0.44544918155459184,0.0166106024551076,0.4537247071973906
apples-140004.edf,N1,0.4435059017099779,0.3894255186993947,1.3251472118395117e-17,0.8426208050483806,-0.40496191925832703,0.016832604890269155,0.42278558954785594,1.4690546013605447e-18,0.8197385123275098,-0.37644548954067275,-0.0020818932412384524,0.3710913523004952,1.6789195444120511e-18,1.2723529147576311,-0.608104029825281,0.03620538459600368,0.6636416266672075,-2.7267452243620724e-17,0.589942463781117,-0.27433270526998055,-0.001313702937037111,0.2717052993959064
apples-140004.edf,N2,0.6951098001301345,0.3046872083781335,-7.211107379542574e-19,0.9620849113383609,-0.5656851658248893,-0.048039606426658485,0.5127000766829425,-3.5169689654967335e-18,0.3078708846837641,-0.1642740663658854,0.0005051049164034852,0.16453330372570404,-9.299841930858354e-18,1.2022926280935025,-0.6895927549177251,-0.047652547932320134,0.6598850935851613,-8.379804092778785e-18,0.7443630171162223,-0.35773242869918986,0.001157725895543774,0.353487043971808
apples-140004.edf,R,0.5355141180913774,0.4877845403666802,-1.7905676941154525e-17,0.6740075969173853,-0.3334173431769326,-0.01562895385389219,0.31243009390725623,-4.357995445995281e-18,0.7878826273710509,-0.45215360223368084,-0.008830825882248417,0.44196586444385416,4.5474735088646416e-18,1.193321695819153,-0.3421250433786493,-0.009291269011048984,0.31817777991625434,3.505344163083161e-18,0.5614014896918346,-0.32646973236024596,-0.0013503500920909125,0.32376903217606784
apples-140075.edf,W,0.5319682761428441,0.280157725690316,-2.346477558753685e-18,1.0661446262507517,-0.378437742149314,-0.00821651445463262,0.3792318971025933,-6.570137164510317e-18,0.9015654273858638,-0.2950916338679703,0.000507478259892141,0.2970344895351743,2.1998227113315797e-18,1.3173009853120456,-0.5477235254614403,-0.025835274312882073,0.5519609354630942,1.877182047002948e-18,0.5056592339865028,-0.1606589864176186,-0.004872103906455511,0.15165441378347289
apples-140075.edf,N1,0.5644306203792183,0.47315631246110695,-1.759439155215486e-17,1.131960909076239,-0.6444262172566223,-0.016190683376072466,0.6247724381245814,-7.782134724991574e-18,0.8706600827648794,-0.4802216108309255,-0.0018754127763667037,0.4709745802848929,-9.022764898540954e-19,1.1912197770470936,-0.484000665131373,-0.026237464278018346,0.44745838137941013,8.12048840868686e-18,0.722804368092617,-0.3374825023408791,-0.01539330422754261,0.30926661252582094
apples-140075.edf,N2,0.7280439209091552,0.6212092956787743,4.440892098500626e-19,1.0238814772294589,-0.5421156172668892,-0.01825909404371305,0.5123644416467504,-5.008339422197928e-18,1.0153914534295052,-0.5796764202820965,-0.008998153877078828,0.5670964167353691,1.1941065420412795e-17,0.9324191047779516,-0.5208251820607989,-0.012873553720019594,0.4951577039489902,-2.7138785046392715e-17,1.0591371393170474,-0.5230098304641831,0.005293534380785894,0.535154399336288
apples-140075.edf,R,0.5240356085180722,0.4027967816261409,-7.726942280133477e-19,0.9614269792717384,-0.5055634562417312,-0.02774502651169893,0.46251347114693214,1.7939944250396856e-17,0.9238146521566625,-0.5201418616912697,0.0003407158590439166,0.5184296379395192,4.132234349810511e-18,0.9926523161804232,-0.27069309567088,-0.019198003857740585,0.27681194257046904,1.7897949998874392e-17,0.5287127954279248,-0.27164435774093515,-0.0034756988962781556,0.2681714026119686
apples-140012.edf,W,0.5036428489632109,0.21278390302269212,-5.430840962124724e-18,1.0550142583445183,-0.3691642662587856,-0.03268012479825234,0.34335708179237895,-1.117624511455991e-17,1.0613883008832294,-0.40291438316896,-0.015374214231532783,0.3805677108338384,1.4173847281047833e-17,1.0431887483579798,-0.3801422651490859,-0.0071327866741103755,0.372562369922782,-1.2915594519805987e-17,0.9546659972042368,-0.3082214537821697,-0.012668738283008203,0.29027622040531775
apples-140012.edf,N1,0.48969375631117207,0.2805388368495794,5.5264435003563345e-18,0.9895086058607354,-0.4643546008244105,-0.03643769229157092,0.4234768747447589,-5.89082439048972e-18,0.943765317644448,-0.3202161107124844,-0.02586768533691626,0.2889304949338446,1.4059029344313095e-17,1.0580362207794929,-0.47675146603928487,-0.018868048795217123,0.4710716608538678,-8.502220769778977e-18,0.9382327857544743,-0.3675353702159326,-0.04970402319118858,0.29126006783267727
apples-140012.edf,N2,0.6347088909896514,0.42250420899599267,5.709605627796717e-17,1.121834455253315,-0.6168666774200874,-0.03651872242245323,0.5761359948797821,-5.2219251850305776e-17,0.889125885661025,-0.44233329435665913,-0.034582871733815454,0.39464783985055496,-1.275367818408764e-17,0.9891017910182334,-0.5011448901210525,0.002318086679952232,0.5168029856452525,-5.142975992168344e-18,1.0103843070193228,-0.37286637228736424,-0.03887349707959416,0.31755639355727044
apples-140012.edf,N3,0.9338164321118052,0.7222453339672763,-9.355479354174653e-18,0.9752428292692716,-0.6460881853480371,-0.02409644798565834,0.6192400683105849,-2.5105843330190206e-17,0.9320852194524148,-0.6076400444156811,-0.00899905817203155,0.5910178033635495,2.4197927612274524e-17,0.9174651992805104,-0.6149398997451749,-0.02274760139997078,0.58473719957598,-2.7632217501781673e-17,1.0741815105369963,-0.7004561053284633,-0.03659695346283215,0.6496751714828966
apples-140012.edf,R,0.6455023442478566,0.4511571523397361,-5.73981969728129e-18,0.9865417807323524,-0.5203767864124187,-0.10022304682497138,0.37770746785344506,-1.8521053893086095e-17,0.8708495100128897,-0.43394472505135967,0.001189934982675815,0.4365140231335944,1.5683150473984193e-17,0.9909310365215596,-0.3785129123447281,-0.0729976894648785,0.2966012852072114,-9.260526946543047e-18,0.8872925485474439,-0.4163873007682826,-0.03238851723000338,0.35161026630827574
apples-140073.edf,W,0.60871560180103,0.42967030094853204,1.2776010463182992e-19,1.0110548102012968,-0.2954204456367069,-0.0013524859967436985,0.2934300136182437,-7.34620601633022e-18,1.0543397696682109,-0.32918472666506193,-0.00285597565462194,0.333217388988832,7.970264988954927e-18,1.002610347918972,-0.2673805950856304,-0.0023117771736672742,0.26444369271259505,-4.913850178147304e-21,0.9972399408371967,-0.23731540360820558,-0.00602852238023442,0.2295068222192364
apples-140073.edf,N1,0.6095585199188939,0.47651932288858656,-1.5422633024250236e-18,0.9234606799826228,-0.3128931507869099,0.004960757970457367,0.3182855668860574,-9.033256485632282e-18,1.0816304225986333,-0.3666035778304834,-0.00543816067061949,0.35840072468465567,1.0685681452516235e-17,0.9558822997327088,-0.33533568595442687,-0.004953679495360308,0.3226756390845682,1.0024711465762654e-17,1.041340858526195,-0.32904735493812953,-0.012764161819814891,0.3111527985309307
apples-140073.edf,N2,0.8216879034763631,0.5809454588214448,1.0067448882576842e-17,0.8940823851036247,-0.44050931932966286,-0.0003440991541866774,0.44479763216975315,5.022310100151712e-19,1.0383804292778278,-0.5373318090591036,-0.024621696340074748,0.5094936908907947,-1.77892506615601e-17,0.9259199130052654,-0.44853064086045885,0.006084938612003822,0.4553008995722579,3.5498600935163235e-18,1.0689524150368364,-0.5035273115120228,-0.02187873193538175,0.46951295038069746
apples-140073.edf,N3,0.9012618893772014,0.673878114432158,5.8879865330899264e-18,0.897570745895711,-0.5617660837420817,-0.0010666736450247332,0.5616797378578681,1.0182232350456265e-18,0.9597346997635018,-0.5859958573445401,0.027866134117066326,0.6188319456668996,9.960879473272433e-19,0.9144813864634751,-0.5761290501244581,0.005894757658218426,0.5777022953920048,2.142695851139492e-17,1.07853096023027,-0.6551217614149818,0.037721987601413355,0.6956079125297534
apples-140073.edf,R,0.7139323470066009,0.4532767182893499,-1.9291617288110247e-17,0.7890067509869393,-0.4140671809962076,-0.005036684808182948,0.407755667036843,1.6502928056363616e-17,1.020451422941514,-0.5775636890716722,-0.018175118420418412,0.5584809783998745,-1.2660521774721857e-17,1.2605052652306792,-0.3436576088409329,-0.0133186629023405,0.32906523605766674,5.144431276829399e-18,0.529862830801424,-0.27504804777424696,-0.004009756796956233,0.27189131742789996
apples-240021.edf,W,0.5047292118213248,0.39048367100406756,-4.301569993449626e-18,1.1825598388692284,-0.44086251558011424,0.009093741156366476,0.4451261785454284,4.301569993449626e-18,1.0691952962149192,-0.33947516494031155,0.009710932553965757,0.35104368998406943,-1.7763568394002505e-18,1.228272879756968,-0.5360856446394202,0.02348062247203538,0.5156690726651908,-8.968860512658127e-18,0.6908950898766099,-0.22763916424764039,0.0038035431241544683,0.24145825482040859
apples-240021.edf,N1,0.5799196445079932,0.35363559138007966,6.146758587131026e-18,1.1270494725899622,-0.4674038208120093,0.0002235702475862972,0.4727132690123626,-1.0451369340809939e-17,0.9503751722818838,-0.3984248272820033,-0.011688341856177294,0.3883009567929374,-1.6917684184764292e-17,1.1857055939817565,-0.5327679097144485,-0.013138940584189894,0.5187960612320435,9.3799160091082e-18,0.760332759988486,-0.3118200558867252,-0.010071959958039096,0.3003639164485443
apples-240021.edf,N2,0.7874713481054132,0.4906327347441782,-9.212871776468074e-20,1.1596658382641882,-0.5967739268000576,-0.0021522326783528054,0.592243416700949,4.053663581645952e-17,0.992639598358366,-0.5054715185105927,0.01935787975546886,0.5244598257533982,7.124620840468644e-18,1.028113401201093,-0.5057282962199656,-0.0015987381908033826,0.4979694585990656,-9.708063634453232e-18,0.9708489491231242,-0.4622468554946463,0.010702384274381246,0.47886143776349294
apples-240021.edf,N3,0.9069940045391331,0.6258407824939488,-2.2305063226126124e-18,1.1360830136521332,-0.7033268109144637,-0.007605245851850707,0.6971191788975813,-2.7179984261114513e-17,1.0879516399479292,-0.6556022756861782,0.0380750594706442,0.697437470667524,-1.4567275828609174e-17,0.9750220527934705,-0.6086036229458468,-0.012382843532152295,0.5946559249182246,1.6096437379678645e-19,1.0242508490700781,-0.61266143679558,0.02434562678802456,0.6426519111143106
apples-240021.edf,R,0.5597076074413081,0.3672519630602624,-1.3628659549960954e-18,1.013924850930631,-0.5170294538267604,0.008544100466756816,0.5310932481653077,6.708476108573013e-18,1.0171035621275537,-0.5133535567377215,-0.009678836704727955,0.5060519313449566,2.99036607601085e-18,1.1503745123862654,-0.4631898802027984,0.004416308647855522,0.4596341841190303,5.028049154354527e-19,0.7533335368914482,-0.3721551019979839,-0.011905728569824522,0.3580513851035183
apples-160215.edf,W,0.6464088268287532,0.5337462773302266,6.561399290035104e-18,0.9350516237557764,-0.29360499360534587,0.005773187183605802,0.2955488800995377,-1.0796402313241455e-17,0.9490472309751296,-0.37859514651517895,-0.001884053479160356,0.3787910804719994,1.0796402313241455e-17,1.0091854385105659,-0.3220979077432276,-0.009075123037821974,0.31177591993823905,6.636541288317687e-18,0.9686933966660296,-0.36925771567412474,-0.014863510252019176,0.3609222873884461
apples-160215.edf,N1,0.8527086955125153,0.6692286601437428,-9.93780735743211e-18,1.0347547920950706,-0.36246089190188996,0.03440110233523108,0.4101196010929522,-2.3927200261947732e-17,1.009905131604468,-0.5026163672202126,-0.017334425117190362,0.47871061872856174,-3.4314924771616386e-18,0.9012933079414015,-0.31058402734521395,0.02151446486234309,0.33660277543856265,1.1823729513698255e-17,1.0728048975576168,-0.4750001429015173,-0.03421345137037597,0.43027613264645015
apples-160215.edf,N2,0.9375204610890153,0.7249162605237842,-6.9440787500805e-18,1.0706285677199125,-0.3718751812407961,0.025149189183050723,0.39944396065337445,1.8539868298110584e-17,1.1983986157540103,-0.6621545169681223,-0.018385052748006222,0.6425994812114164,1.8267402253335396e-17,0.8405208426992188,-0.2928878806477587,0.016202772872857193,0.3081648019940462,-3.3604652907831474e-17,1.0795246469918787,-0.5643079110312814,-0.037572335721681865,0.5195405591885408
apples-160215.edf,R,0.7639947745696893,0.5393022818914062,-1.396521585094724e-17,0.8399538155622215,-0.4777514166408432,-0.033610124810871875,0.4329420293558342,1.0223748097508866e-17,0.5276957122748263,-0.30130032168598253,0.0039773433890477735,0.3054584549584888,-7.203682903302908e-18,0.7117133290751242,-0.34512925505923553,-0.0165145563807288,0.3354104771724547,1.768082688183248e-17,0.9359763243028975,-0.40210322126632037,0.009879429022147487,0.40652499498335737
apples-150140.edf,W,0.7997425022551806,0.6189079561439128,-2.4366684048945337e-17,1.119695498052708,-0.3215470290094143,0.0019163631274725433,0.30106132422330334,-1.6122683498652486e-17,1.072769256949774,-0.37285237316284764,0.005152178633296604,0.3845536779280738,2.6972616276068926e-17,0.7679052185605008,-0.2749711419495108,0.002048637024411646,0.24950401418456417,-1.6268810539425773e-17,1.0877600056040742,-0.4682471357592347,0.036527348316476825,0.5167042569952199
apples-150140.edf,N1,0.7775879500804886,0.5516154709430391,1.536877621051476e-17,0.7933414754239168,-0.40140325358879897,0.011687235423376973,0.4118363951968086,-8.414668139233038e-18,0.9896357557509955,-0.5702622141995001,-0.01466914892392586,0.554461279077386,9.93444010183103e-18,0.8959951724253437,-0.480402893643934,-0.023732940544109234,0.4619720107940314,4.263256414560601e-17,0.9373342330526643,-0.5713941591882706,-0.022663585734552356,0.5396264798018141
apples-150140.edf,N2,0.7623157299407051,0.6080787670911119,-1.5726433780251614e-17,0.8660840173977793,-0.4747806654657257,0.011826559228705307,0.4743368732934095,2.2764365713903037e-18,1.0278723015797424,-0.5755925396829372,-0.015122430393566042,0.5575451668459113,2.2475976175209386e-17,1.0543123929635392,-0.5739790388559294,-0.016691435126223474,0.5349997506220543,3.7220658334376234e-17,0.9017360676732028,-0.5027824626644342,-0.0153550026865815,0.4844842103992134
apples-150140.edf,N3,0.9044936727097272,0.7397309044275939,-4.5976294666830016e-18,1.0119832382632543,-0.6499579071603868,-0.011180186128673957,0.635891686664015,1.9783738917242006e-17,1.0571805737002844,-0.6625676938171531,0.01940506176947885,0.6779965434317972,1.0588479983876003e-17,0.8966122497900471,-0.5749420621543143,-0.012893003675709188,0.5653169131800236,2.0619671547548005e-17,1.093033821859253,-0.6913606613148342,0.025408514744977847,0.7170412743587111
apples-150140.edf,R,0.816545155427278,0.5896383821945893,2.3198210507309732e-17,0.5462536155406102,-0.2941223683853169,0.01874087974087892,0.313758152502586,6.279214874159025e-18,0.9061700617380885,-0.5401107622562681,0.011991591978767344,0.5547860502344389,1.909468850621458e-18,0.8591397508116195,-0.36316799215076,0.01101803929666661,0.3821360819889975,1.2934815435219395e-17,0.7969630245918007,-0.42470086885304303,0.003789537801504483,0.4356031719104968
